job title,company name ,location,job skills,links
Senior Python Full Stack Developer,Premier Services and Recruitment -,"Cairo, Egypt ",Full TimeExperienced  4 - 6 Yrs of Exp  IT/Software Development  Full Stack Developer  Python  Software Development  Computer Science  Full Stack  developer,https://wuzzuf.net
Python Developer,Confidential -,"New Cairo, Cairo, Egypt ",Full TimeExperienced  4 - 6 Yrs of Exp  IT/Software Development  Django  Flask  UI/UX  RESTful APIs  Unit Testing  Solid Edge  Front-End Development  Back-End Development,/jobs/p/DDnEyqosr2i2-Senior-Python-Full-Stack-Developer-Premier-Services-and-Recruitment-Cairo-Egypt?o=1&l=sp&t=sj&a=python|search-v3|hpb
Python Developer,Afaqy -,"Maadi, Cairo, Egypt ",Full TimeExperienced  2 - 4 Yrs of Exp  IT/Software Development  Computer Science  Software Development  Python,https://wuzzuf.net
Python Developer,GetTechForce.com -,"Cairo, Egypt ",Full TimeWork From HomeExperienced  3+ Yrs of Exp  IT/Software Development  Engineering - Telecom/Technology  Engineering - Other  Flask  Python  Software Development  Computer Science  Information Technology (IT)  Frameworks  Kubernetes,/jobs/p/tiTmZoA7L8RW-Python-Developer-Cairo-Egypt?o=2&l=sp&t=sj&a=python|search-v3|hpb
Python Developer,OdooTec -,"New Cairo, Cairo, Egypt ",Full TimeEntry Level  1 - 2 Yrs of Exp  IT/Software Development  Engineering - Telecom/Technology  Odoo  MVC  Information Technology (IT)  Computer Science  Python  Software Development  CSS  Design,https://wuzzuf.net
Python Developer (FinTech),Bright Creations -,"Smart Village, Giza, Egypt ",Full TimeFreelance / ProjectExperienced  2+ Yrs of Exp  IT/Software Development  Engineering - Telecom/Technology  Python  Django  Flask  Python Scripting  Web Scraping  WWeb Scraping  CI  Computer Science,/jobs/p/a2ENUAzazUGj-Python-Developer-Afaqy-Cairo-Egypt?o=3&l=sp&t=sj&a=python|search-v3|hpb
Python Django Developer,Confidential -,"Dubai, United Arab Emirates ",Full TimeWork From HomeExperienced  2+ Yrs of Exp  IT/Software Development  Engineering - Telecom/Technology  JavaScript  Django  Python  Software Development  PostgreSQL  Computer Science  Engineering  Git,https://wuzzuf.net
Python Django Developer,Mentor Seven -,"New Cairo, Cairo, Egypt ",Full TimeEntry Level  1+ Yrs of Exp  IT/Software Development  Engineering - Telecom/Technology  Computer Science  Django  Python  Python Django  Software Development  Information Technology (IT)  ORM  Telecom Engineering,/jobs/p/BfvVVblCaMEg-Python-Developer-GetTechForce-com-Cairo-Egypt?o=4&l=sp&t=sj&a=python|search-v3|hpb
Junior Python Developer,RDI -,"Dokki, Giza, Egypt ",Full TimeEntry Level  1+ Yrs of Exp  IT/Software Development  Engineering - Telecom/Technology  Python  SQL  MySQL  RESTful  JavaScript  Django  Flask  Docker,https://wuzzuf.net
Python Developer - Internship,TMentors -,"Maadi, Cairo, Egypt ",InternshipStudent  IT/Software Development  Engineering - Telecom/Technology  Computer Science  Python  Software Development  RPA  Data Science  AI  Machine Learning  Automation,/jobs/p/KSVJ4un64xm6-Python-Developer-OdooTec-Cairo-Egypt?o=5&l=sp&t=sj&a=python|search-v3|hpb
Senior Backend Engineer - Python,Trufla -,"Heliopolis, Cairo, Egypt ",Full TimeExperienced  4+ Yrs of Exp  IT/Software Development  Engineering - Telecom/Technology  Agile  APIs  AWS  Computer Science  Git  Linux  Python  REST,https://wuzzuf.net
Senior Python (Django) Engineer,GetTechForce.com -,"Cairo, Egypt ",Full TimeWork From HomeExperienced  3 - 20 Yrs of Exp  IT/Software Development  Engineering - Telecom/Technology  Development  Computer Science  Python  Information Technology (IT)  Software Development  Web Applications  Software  Django,/jobs/p/VRTUIy6Cz0Yn-Python-Developer-FinTech-Bright-Creations-Giza-Egypt?o=6&l=sp&t=sj&a=python|search-v3|hpb
Python Developer,Bydotpy -,"New Cairo, Cairo, Egypt ",Full TimeExperienced  3+ Yrs of Exp  IT/Software Development  Engineering - Telecom/Technology  Python  Django  Flask  RESTful API  Software Development  Information Technology (IT)  Software Engineering  Frameworks,https://wuzzuf.net
Senior Python Backend Engineer- Core API.,Twerlo -,"Cairo, Egypt ",Full TimeWork From HomeExperienced  5 - 7 Yrs of Exp  IT/Software Development  Engineering - Telecom/Technology  Agile  API  APIs  Computer Science  Git  MySQL  Information Technology (IT)  Python,/jobs/p/YX9fNGWWWV9P-Python-Django-Developer-Dubai-United-Arab-Emirates?o=7&l=sp&t=sj&a=python|search-v3|hpb
Senior Python Backend Engineer Core DB,Twerlo -,"Cairo, Egypt ",Full TimeWork From HomeExperienced  5 - 7 Yrs of Exp  IT/Software Development  Engineering - Telecom/Technology  API  MySQL  Software Development  backend  Computer Science  Python  SQL  Database,https://wuzzuf.net
,,,,/jobs/p/HlE4ETTJSs9i-Python-Django-Developer-Mentor-Seven-Cairo-Egypt?o=8&l=sp&t=sj&a=python|search-v3|hpb
,,,,https://wuzzuf.net
,,,,/jobs/p/0yvTijkcosNQ-Junior-Python-Developer-RDI-Giza-Egypt?o=9&l=sp&t=sj&a=python|search-v3|hpb
,,,,https://wuzzuf.net
,,,,/internship/ks2Azi1kboPo-Python-Developer---Internship-TMentors-Cairo-Egypt?o=10&l=sp&t=sj&a=python|search-v3|hpb
,,,,https://wuzzuf.net
,,,,/jobs/p/EGd9bPLppMK6-Senior-Backend-Engineer---Python-Trufla-Cairo-Egypt?o=11&l=sp&t=sj&a=python|search-v3|hpb
,,,,https://wuzzuf.net
,,,,/jobs/p/VYoLHkdh5cpA-Senior-Python-Django-Engineer-GetTechForce-com-Cairo-Egypt?o=12&l=sp&t=sj&a=python|search-v3|hpb
,,,,https://wuzzuf.net
,,,,/jobs/p/o1CizTuLGoFT-Python-Developer-Bydotpy-Cairo-Egypt?o=13&l=sp&t=sj&a=python|search-v3|hpb
,,,,https://wuzzuf.net
,,,,/jobs/p/qljBOdL2vJce-Senior-Python-Backend-Engineer--Core-API-Twerlo-Cairo-Egypt?o=14&l=sp&t=sj&a=python|search-v3|hpb
,,,,https://wuzzuf.net
,,,,/jobs/p/aMgMYUHusAzy-Senior-Python-Backend-Engineer-Core-DB-Twerlo-Cairo-Egypt?o=15&l=sp&t=sj&a=python|search-v3|hpb
